-- 插入系统用户
INSERT INTO `t_sys_user`(`id`, `username`, `password`, `phone`, `status`, `portrait`,
`last_login_ip`, `last_login_time`, `create_time`, `update_time`) VALUES
(1, 'admin', '123456', '17700001111', 1, 'https://cube.elemecdn.com/0/88/03b0d39583f48206768a7534e55bcpng.png', '', 1607765013556, 1607765013556, 1607765013556),
(2, 'user1', '12345678', '18900001111', 1, 'https://lh3.googleusercontent.com/ogw/ADGmqu_ohmdl-VKxHm2qTPn1Cd7w6yE2EHVuKhWKgLQl=s64-c-mo', '', 1607765013556, 1607765013556, 1607765013556),
(3, 'user2', '12345678', '18900002222', 1, '', '', 1607765013556, 1607765013556, 1607765013556);

-- 插入系统菜单
INSERT INTO `t_sys_menu`(`id`, `name`, `url`, `icon`, `parent_id`, `priority`,
`visible`, `create_time`, `update_time`) VALUES
(1, '主页', '/home', 'el-icon-s-home', 0, 0, 1, 1607765013556, 1607765013556),
-- 系统管理
(2, '系统管理', '/settings', 'el-icon-s-tools', 0, 2, 1, 1607765013556, 1607765013556),
(3, '系统用户管理', '/users', 'el-icon-user', 2, 3, 1, 1607765013556, 1607765013556),
(4, '系统菜单管理', '/menus', 'el-icon-document', 2, 4, 1, 1607765013556, 1607765013556),
(5, '系统角色管理', '/roles', 'el-icon-trophy', 2, 5, 1, 1607765013556, 1607765013556),
-- 学生管理
(6, '学生管理', '/students', 'el-icon-s-custom', 0, 6, 1, 1607765013556, 1607765013556),
(7, '年级管理', '/grades', 'el-icon-s-management', 6, 7, 1, 1607765013556, 1607765013556),
(8, '班级管理', '/class-rank', 'el-icon-s-finance', 6, 8, 1, 1607765013556, 1607765013556),
(9, '学生信息管理', '/student', 'el-icon-search', 6, 9, 1, 1607765013556, 1607765013556),
-- 考试管理
(10, '考试管理', '/exams', 'el-icon-s-check', 0, 10, 1, 1607765013556, 1607765013556),
(11, '科目管理', '/subject', 'el-icon-s-flag', 10, 11, 1, 1607765013556, 1607765013556),
(12, '考试信息', '/examination', 'el-icon-s-flag', 10, 12, 1, 1607765013556, 1607765013556),


-- (3, '学生成绩管理', '/scores', 'el-icon-s-claim', 0, 3, 1, 1607765013556, 1607765013556),
-- (4, '考试信息管理', '/exams', 'el-icon-s-check', 0, 4, 1, 1607765013556, 1607765013556),
-- (9, '年级管理', '/grade', 'el-icon-document-add', 2, 9, 1, 1607765013556, 1607765013556),
-- (10, '查询信息', '/student-query', 'el-icon-search', 2, 10, 1, 1607765013556, 1607765013556),
-- (11, '修改信息', '/student-edit', 'el-icon-edit', 2, 11, 1, 1607765013556, 1607765013556),
-- (12, '打印信息', '/student-print', 'el-icon-printer', 2, 12, 1, 1607765013556, 1607765013556),
-- (13, '录入成绩', '/scores-add', 'el-icon-document-add', 3, 13, 1, 1607765013556, 1607765013556),
-- (14, '查询成绩', '/scores-query', 'el-icon-search', 3, 14, 1, 1607765013556, 1607765013556),
-- (15, '修改成绩', '/scores-edit', 'el-icon-edit', 3, 15, 1, 1607765013556, 1607765013556),
-- (16, '打印成绩', '/scores-print', 'el-icon-printer', 3, 16, 1, 1607765013556, 1607765013556),
-- (17, '添加考试', '/exam-add', 'el-icon-plus', 3, 17, 1, 1607765013556, 1607765013556),
-- (18, '修改考试', '/exam-query', 'el-icon-check', 3, 18, 1, 1607765013556, 1607765013556),
-- (19, '删除考试', '/exam-delete', 'el-icon-close', 3, 19, 1, 1607765013556, 1607765013556),
-- (20, '科目管理', '/exam-manage', 'el-icon-monitor', 3, 20, 1, 1607765013556, 1607765013556);

-- 插入系统角色
INSERT INTO `t_sys_role`(`id`, `name`, `description`, `visible`, `create_time`, `update_time`) VALUES
(1, 'ROLE_ROOT', '超级管理员', 1, 1607765013556, 1607765013556),
(2, 'ROLE_ADMIN', '系统管理员', 1, 1607765013556, 1607765013556),
(3, 'ROLE_USER', '普通用户', 1, 1607765013556, 1607765013556);

-- 插入关联表初始数据
INSERT INTO `t_sys_user_roles`(`roles_id`, `sys_user_id`) VALUES (1, 1), (2, 2), (3, 3);
INSERT INTO `t_sys_menu_roles`(`roles_id`, `sys_menu_id`) VALUES (1, 1), (1, 2), (1, 3), (1, 4), (1, 5), (1, 6), (1, 7), (1, 8);

-- 插入年级表初始数据
INSERT INTO `t_grade`(`id`, `create_time`, `update_time`, `name`) VALUES
(1, 1607765013556, 1607765013556, '一年级'),
(2, 1607765013556, 1607765013556, '二年级'),
(3, 1607765013556, 1607765013556, '三年级'),
(4, 1607765013556, 1607765013556, '四年级'),
(5, 1607765013556, 1607765013556, '五年级');

-- 插入班级表初始数据
INSERT INTO `t_class_rank`(`id`, `create_time`, `update_time`, `name`, `grade_id`) VALUES
(1, 1607765013556, 1607765013556, '一年级1班', 1),
(2, 1607765013556, 1607765013556, '二年级1班', 2),
(3, 1607765013556, 1607765013556, '三年级1班', 3);

-- 插入学生表初始数据
INSERT INTO `t_student`(`id`, `create_time`, `update_time`, `name`, `sex`, `age`,
`blood_type`, `nation`, `address`, `grade_id`, `class_rank_id`) VALUES
(1, 1607765013556, 1607765013556, '张小明', 0, 8, 3, '汉族', '北京市海淀区', 1, 1),
(2, 1608651438802, 1608651438802, '王小尼', 0, 10, 1, '苗族', '北京市西城区', 3, 3);

-- 插入科目表初始数据
INSERT INTO `t_subject`(`id`, `create_time`, `update_time`, `name`, `exam`, `open`, `remark`) VALUES
(1, 1608795612413, 1608795612413, '语文', true, false, '语文课'),
(2, 1608795612413, 1608795612413, '数学', true, false, '数学课'),
(3, 1608795612413, 1608795612413, '英语', true, false, '英语课'),
(4, 1608795612413, 1608795612413, '物理', true, false, '物理课'),
(5, 1608795612413, 1608795612413, '化学', true, false, '化学课'),
(6, 1608795612413, 1608795612413, '生物', true, false, '生物课'),
(7, 1608795612413, 1608795612413, '地理', true, true, '地理课'),
(8, 1608795612413, 1608795612413, '历史', true, true, '历史课'),
(9, 1608795612413, 1608795612413, '政治', true, true, '政治课'),
(10, 1608795612413, 1608795612413, '体育', true, false, '体育课'),
(11, 1608795612413, 1608795612413, '音乐', false, false, '音乐课'),
(12, 1608795612413, 1608795612413, '美术', false, false, '美术课');

-- 插入考试信息表数据
INSERT INTO `t_examination`(`id`, `create_time`, `update_time`, `name`, `subject_id`, `class_rank_id`,
`start_time`, `end_time`, `total_score`, `finished`, `address`, `remark`) VALUES
(1, 1608795612413, 1608795612413, '一年级-1班语文考试', 1, 1, 1608859800000, 1608867000000, 100, false, '北京市', ''),
(2, 1608795612413, 1608795612413, '一年级-1班数学考试', 2, 1, 1608859800000, 1608867000000, 100, false, '北京市', ''),
(3, 1608795612413, 1608795612413, '一年级-1班英语考试', 2, 1, 1608859800000, 1608867000000, 100, false, '北京市', ''),


